symbol,exchange,name,country,data,updated_at,fund_score
MEGM,EGX,Middle East Glass Manufacturing SAE,,"{""eps"": null, ""name"": ""Middle East Glass Manufacturing SAE"", ""sector"": ""Process Industries"", ""logoUrl"": ""https://s3-symbol-logo.tradingview.com/middle-east-glass-manufacturing.svg"", ""peRatio"": null, ""industry"": ""Containers/Packaging"", ""marketCap"": 941924978.0, ""dividendYield"": 40.288017}",2026-01-14 19:04:19.277242+00,
MELI,BA,,,"{""eps"": 381.4614, ""name"": ""MercadoLibre Inc Shs Cert Deposito Arg Repr 0.00833333 Sh"", ""sector"": ""Retail Trade"", ""peRatio"": 69.20752663310101, ""industry"": ""Internet Retail"", ""marketCap"": 160049729794419.97, ""dividendYield"": null}",2026-01-13 21:11:07.089123+00,
MELID,BA,,,"{""eps"": 381.46140010680926, ""name"": ""MercadoLibre Inc Shs Cert Deposito Arg Repr 0.00833333 Sh"", ""sector"": ""Retail Trade"", ""peRatio"": 64.95809412134983, ""industry"": ""Internet Retail"", ""marketCap"": 160049729772173.06, ""dividendYield"": null}",2026-01-13 21:11:08.103988+00,
MENA,EGX,Mena Touristic & Real Estate Investment,,"{""eps"": -0.1244, ""name"": ""Mena Touristic & Real Estate Investment"", ""sector"": ""Finance"", ""logoUrl"": ""https://s3-symbol-logo.tradingview.com/mena-touristic-and-real-estate-investment.svg"", ""peRatio"": null, ""industry"": ""Real Estate Development"", ""marketCap"": 1134612534.0, ""dividendYield"": null}",2026-01-14 19:04:06.846479+00,
MEPA,EGX,Medical Packaging Company,,"{""eps"": null, ""name"": ""Medical Packaging Company"", ""sector"": ""Process Industries"", ""logoUrl"": ""https://s3-symbol-logo.tradingview.com/medical-packaging-company.svg"", ""peRatio"": null, ""industry"": ""Containers/Packaging"", ""marketCap"": 1100400044.0, ""dividendYield"": null}",2026-01-14 19:03:49.814074+00,
META,BA,,,"{""eps"": 1041.4479, ""name"": ""Meta Platforms Inc Shs A Cert Deposito Arg Repr 0.041666666 Shs"", ""sector"": ""Technology Services"", ""peRatio"": 39.43653550133966, ""industry"": ""Internet Software/Services"", ""marketCap"": 2376068954079295.0, ""dividendYield"": 0.20189877}",2026-01-13 21:11:07.351116+00,
METR,BA,,,"{""eps"": 226.1529, ""name"": ""MetroGas SA Class B"", ""sector"": ""Utilities"", ""peRatio"": 9.895959768811279, ""industry"": ""Gas Distributors"", ""marketCap"": 1316989285583.0, ""dividendYield"": null}",2026-01-13 21:11:07.629039+00,
MFPC,EGX,Misr Fertilizers Production Company MOPCO,,"{""eps"": null, ""name"": ""Misr Fertilizers Production Company MOPCO"", ""sector"": ""Process Industries"", ""logoUrl"": ""https://s3-symbol-logo.tradingview.com/misr-fretilizers-production-company-mopco.svg"", ""peRatio"": null, ""industry"": ""Chemicals: Agricultural"", ""marketCap"": 84638816091.0, ""dividendYield"": 8.211003}",2026-01-14 19:03:49.139199+00,
MFSC,EGX,Misr Duty Free Shops Co.,,"{""eps"": null, ""name"": ""Misr Duty Free Shops Co."", ""sector"": ""Retail Trade"", ""logoUrl"": ""https://s3-symbol-logo.tradingview.com/misr-duty-free-shops.svg"", ""peRatio"": null, ""industry"": ""Specialty Stores"", ""marketCap"": 3152812600.0, ""dividendYield"": 9.915284}",2026-01-14 19:04:13.789065+00,
MHOT,EGX,Misr Hotels Co.,,"{""eps"": null, ""name"": ""Misr Hotels Co."", ""sector"": ""Consumer Services"", ""logoUrl"": ""https://s3-symbol-logo.tradingview.com/misr-hotels.svg"", ""peRatio"": null, ""industry"": ""Hotels/Resorts/Cruise lines"", ""marketCap"": 9880200302.0, ""dividendYield"": 5.9453034}",2026-01-14 19:04:06.224613+00,
MICH,EGX,Misr Chemical Industries Ltd.,,"{""eps"": null, ""name"": ""Misr Chemical Industries Ltd."", ""sector"": ""Process Industries"", ""logoUrl"": ""https://s3-symbol-logo.tradingview.com/misr-chemical-industries.svg"", ""peRatio"": null, ""industry"": ""Chemicals: Specialty"", ""marketCap"": 3044925025.0, ""dividendYield"": 13.956735}",2026-01-14 19:04:02.401984+00,
MILS,EGX,North Cairo Mills Co.,,"{""eps"": null, ""name"": ""North Cairo Mills Co."", ""sector"": ""Process Industries"", ""logoUrl"": ""https://s3-symbol-logo.tradingview.com/north-cairo-mills.svg"", ""peRatio"": null, ""industry"": ""Agricultural Commodities/Milling"", ""marketCap"": 1346487937.0, ""dividendYield"": 2.3087578}",2026-01-14 19:04:00.064051+00,
MIPH,EGX,Minapharm Pharmaceuticals,,"{""eps"": null, ""name"": ""Minapharm Pharmaceuticals"", ""sector"": ""Health Technology"", ""logoUrl"": ""https://s3-symbol-logo.tradingview.com/minapharm-pharmaceuticals.svg"", ""peRatio"": null, ""industry"": ""Pharmaceuticals: Major"", ""marketCap"": 4059005188.0, ""dividendYield"": 0.6962043}",2026-01-14 19:04:14.846153+00,
MIRG,BA,,,"{""eps"": 416.3222, ""name"": ""Mirgor SA Registered Shs -C- 1 Vote"", ""sector"": ""Producer Manufacturing"", ""peRatio"": 56.26651665464873, ""industry"": ""Industrial Machinery"", ""marketCap"": 346377915878.0, ""dividendYield"": 1.6443505}",2026-01-13 21:11:10.609571+00,
MO,BA,,,"{""eps"": 1335.9513, ""name"": ""Altria Group, Inc. Shs Cert.Deposito Arg.Repr 0.25 Shs"", ""sector"": ""Consumer Non-Durables"", ""peRatio"": 17.15269977502249, ""industry"": ""Tobacco"", ""marketCap"": 144301661763582.94, ""dividendYield"": 4.525336}",2026-01-13 21:11:10.833298+00,
MOED,EGX,Egyptian Modern Education Systems,,"{""eps"": null, ""name"": ""Egyptian Modern Education Systems"", ""sector"": ""Commercial Services"", ""logoUrl"": ""https://s3-symbol-logo.tradingview.com/the-egyptian-modern-education-systems.svg"", ""peRatio"": null, ""industry"": ""Miscellaneous Commercial Services"", ""marketCap"": 841210811.0, ""dividendYield"": null}",2026-01-14 19:04:00.503606+00,
MOIL,EGX,Maridive & Oil Services SAE,,"{""eps"": 4.121951236, ""name"": ""Maridive & Oil Services SAE"", ""sector"": ""Industrial Services"", ""logoUrl"": ""https://s3-symbol-logo.tradingview.com/maridive-and-oil-services.svg"", ""peRatio"": 5.325443786982248, ""industry"": ""Oilfield Services/Equipment"", ""marketCap"": 10339756551.735529, ""dividendYield"": null}",2026-01-14 19:04:14.197326+00,
MOIN,EGX,Mohandes Insurance Co.,,"{""eps"": null, ""name"": ""Mohandes Insurance Co."", ""sector"": ""Finance"", ""logoUrl"": ""https://s3-symbol-logo.tradingview.com/mohandes-insurance.svg"", ""peRatio"": null, ""industry"": ""Multi-Line Insurance"", ""marketCap"": 7152763577.0, ""dividendYield"": 0.93404156}",2026-01-14 19:04:09.731733+00,
MOLA,BA,,,"{""eps"": 1085.9373, ""name"": ""Molinos Agro SA Class B"", ""sector"": ""Process Industries"", ""peRatio"": 24.034536800605338, ""industry"": ""Agricultural Commodities/Milling"", ""marketCap"": 1295357660866.0, ""dividendYield"": 6.2091484}",2026-01-13 21:11:11.308719+00,
MOLI,BA,,,"{""eps"": -256.2419, ""name"": ""Molinos Rio de la Plata SA Class B"", ""sector"": ""Consumer Non-Durables"", ""peRatio"": null, ""industry"": ""Food: Major Diversified"", ""marketCap"": 650963083959.0, ""dividendYield"": 15.371116}",2026-01-13 21:11:11.052156+00,
MORI,BA,,,"{""eps"": 1.4007, ""name"": ""Morixe Hermanos SA"", ""sector"": ""Process Industries"", ""peRatio"": 26.343970871707, ""industry"": ""Agricultural Commodities/Milling"", ""marketCap"": 87379626279.0, ""dividendYield"": null}",2026-01-13 21:11:18.927859+00,
MOSC,EGX,Misr Oils & Soap Co.,,"{""eps"": null, ""name"": ""Misr Oils & Soap Co."", ""sector"": ""Process Industries"", ""logoUrl"": ""https://s3-symbol-logo.tradingview.com/misr-oils-and-soap.svg"", ""peRatio"": null, ""industry"": ""Agricultural Commodities/Milling"", ""marketCap"": 1078199982.0, ""dividendYield"": null}",2026-01-14 19:04:09.297413+00,
MPCI,EGX,Memphis Pharmaceutical & Chemical Industries,,"{""eps"": 22.7423, ""name"": ""Memphis Pharmaceutical & Chemical Industries"", ""sector"": ""Health Technology"", ""logoUrl"": ""https://s3-symbol-logo.tradingview.com/memphis-pharmaceuticals.svg"", ""peRatio"": 6.201219753498987, ""industry"": ""Pharmaceuticals: Major"", ""marketCap"": 3260075069.0, ""dividendYield"": 9.032192}",2026-01-14 19:03:49.604407+00,
MPCO,EGX,Mansourah Poultry Co.,,"{""eps"": 0.1013, ""name"": ""Mansourah Poultry Co."", ""sector"": ""Process Industries"", ""logoUrl"": ""https://s3-symbol-logo.tradingview.com/mansourah-poultry.svg"", ""peRatio"": 15.399802566633761, ""industry"": ""Agricultural Commodities/Milling"", ""marketCap"": 1620000005.0, ""dividendYield"": null}",2026-01-14 19:03:47.472037+00,
MPRC,EGX,Egyptian Media Production City,,"{""eps"": null, ""name"": ""Egyptian Media Production City"", ""sector"": ""Consumer Services"", ""logoUrl"": ""https://s3-symbol-logo.tradingview.com/egyptian-media-production-city.svg"", ""peRatio"": null, ""industry"": ""Movies/Entertainment"", ""marketCap"": 4788157623.0, ""dividendYield"": 1.8989745}",2026-01-14 19:03:48.915806+00,
MRK,BA,,,"{""eps"": 1743.6231, ""name"": ""Merck & Co., Inc. Shs Cert Deposito Arg Repr 1/5 Sh"", ""sector"": ""Health Technology"", ""peRatio"": 19.057915949073294, ""industry"": ""Pharmaceuticals: Major"", ""marketCap"": 397961877487518.4, ""dividendYield"": 1.9371047}",2026-01-13 21:11:19.133134+00,
MSFT,BA,,,"{""eps"": 536.2074, ""name"": ""Microsoft Corp Shs Cert Deposito Arg Repr 0.03333333 Shs"", ""sector"": ""Technology Services"", ""peRatio"": 44.62468263667269, ""industry"": ""Packaged Software"", ""marketCap"": 5207902809183554.0, ""dividendYield"": 0.47206283}",2026-01-13 21:11:18.333587+00,
MTIE,EGX,MM Group for Industry & International Trade,,"{""eps"": 0.5148, ""name"": ""MM Group for Industry & International Trade"", ""sector"": ""Distribution Services"", ""logoUrl"": ""https://s3-symbol-logo.tradingview.com/mm-for-industry-and-international-trade.svg"", ""peRatio"": 13.947163947163945, ""industry"": ""Electronics Distributors"", ""marketCap"": 13916587613.0, ""dividendYield"": null}",2026-01-14 19:03:51.69361+00,
NAHO,EGX,Naeem Holding Co.,,"{""eps"": null, ""name"": ""Naeem Holding Co."", ""sector"": ""Finance"", ""logoUrl"": ""https://s3-symbol-logo.tradingview.com/naeem.svg"", ""peRatio"": null, ""industry"": ""Investment Banks/Brokers"", ""marketCap"": 1850485204.8073668, ""dividendYield"": null}",2026-01-14 19:04:15.315024+00,
NARE,EGX,Naeem Real Estate Holding Group,,"{""eps"": 0.9829, ""name"": ""Naeem Real Estate Holding Group"", ""sector"": ""Finance"", ""logoUrl"": ""https://s3-symbol-logo.tradingview.com/reacap-financial-investments.svg"", ""peRatio"": 7.335435954827551, ""industry"": ""Investment Managers"", ""marketCap"": 895492819.0, ""dividendYield"": null}",2026-01-20 09:17:10.088207+00,
NBKE,EGX,,,"{""eps"": 32.17, ""name"": null, ""country"": ""Egypt"", ""peRatio"": 7.15, ""currency"": ""EGP"", ""marketCap"": 12800000000.0}",2026-01-14 17:12:48.094906+00,
NCCW,EGX,Nasr Co. for Civil Works,,"{""eps"": null, ""name"": ""Nasr Co. for Civil Works"", ""sector"": ""Industrial Services"", ""logoUrl"": ""https://s3-symbol-logo.tradingview.com/nasr-company-for-civil-works.svg"", ""peRatio"": null, ""industry"": ""Engineering & Construction"", ""marketCap"": 1205399952.0, ""dividendYield"": null}",2026-01-14 19:03:58.679662+00,
NCGC,EGX,,,"{""eps"": -0.24, ""name"": null, ""country"": ""Egypt"", ""peRatio"": 6.37, ""currency"": ""EGP"", ""marketCap"": 2649625000.0}",2026-01-14 17:12:52.860286+00,
NDRL,EGX,National Drilling Co.,,"{""eps"": null, ""name"": ""National Drilling Co."", ""sector"": ""Industrial Services"", ""logoUrl"": ""https://s3-symbol-logo.tradingview.com/national-drilling.svg"", ""peRatio"": null, ""industry"": ""Contract Drilling"", ""marketCap"": 1349015788.092319, ""dividendYield"": null}",2026-01-14 19:04:19.064212+00,
NEDA,EGX,Northern Upper Egypt Development & Agricultural Production,,"{""eps"": null, ""name"": ""Northern Upper Egypt Development & Agricultural Production"", ""sector"": ""Process Industries"", ""logoUrl"": ""https://s3-symbol-logo.tradingview.com/northern-upper-egypt-development-and-agricultural-production.svg"", ""peRatio"": null, ""industry"": ""Chemicals: Agricultural"", ""marketCap"": 154931589.0, ""dividendYield"": null}",2026-01-14 19:04:12.741237+00,
NEM,BA,,,"{""eps"": 2455.7807, ""name"": ""Newmont Corporation Shs Cert Deposito Arg Repr 0.333333 Sh"", ""sector"": ""Non-Energy Minerals"", ""peRatio"": 23.835030016227403, ""industry"": ""Precious Metals"", ""marketCap"": 181011836478707.78, ""dividendYield"": 0.5356383}",2026-01-13 21:11:24.239611+00,
NGG,BA,National Grid PLC ADR Cert Deposito Arg Repr 0.5 ADRs,,"{""eps"": 404.7522, ""name"": ""National Grid PLC ADR Cert Deposito Arg Repr 0.5 ADRs"", ""sector"": ""Utilities"", ""logoUrl"": ""https://s3-symbol-logo.tradingview.com/national-grid.svg"", ""peRatio"": 151.82361497283873, ""industry"": ""Electric Utilities"", ""marketCap"": 114238470123060.36, ""dividendYield"": 3.5152328}",2026-01-20 09:17:56.526707+00,
NHPS,EGX,National Housing for Professional Syndicates,,"{""eps"": 4.3722, ""name"": ""National Housing for Professional Syndicates"", ""sector"": ""Finance"", ""logoUrl"": ""https://s3-symbol-logo.tradingview.com/national-housing-for-professional-syndicates.svg"", ""peRatio"": 15.635149352728602, ""industry"": ""Real Estate Development"", ""marketCap"": 1103359985.0, ""dividendYield"": 10.548523}",2026-01-14 19:04:07.075929+00,
NINH,EGX,Nozha International Hospital,,"{""eps"": 0.6106, ""name"": ""Nozha International Hospital"", ""sector"": ""Health Services"", ""logoUrl"": ""https://s3-symbol-logo.tradingview.com/nozha-international-hospital.svg"", ""peRatio"": 15.427448411398624, ""industry"": ""Hospital/Nursing Management"", ""marketCap"": 2299000000.0, ""dividendYield"": 0.0}",2026-01-14 19:04:11.694632+00,
NIO,BA,,,"{""eps"": -2009.2312223756903, ""name"": ""NIO Inc. ADS A Cert Deposito Arg Repr 0.25 ADS A"", ""sector"": ""Consumer Durables"", ""peRatio"": null, ""industry"": ""Motor Vehicles"", ""marketCap"": 14823814998283.262, ""dividendYield"": null}",2026-01-13 21:11:23.706512+00,
NIPH,EGX,El-Nile Co. for Pharmaceuticals & Chemical Industries,,"{""eps"": null, ""name"": ""El-Nile Co. for Pharmaceuticals & Chemical Industries"", ""sector"": ""Health Technology"", ""logoUrl"": ""https://s3-symbol-logo.tradingview.com/el-nile-co-for-pharmaceuticals-and-chemical-industries.svg"", ""peRatio"": null, ""industry"": ""Pharmaceuticals: Major"", ""marketCap"": 4878499985.0, ""dividendYield"": 1.972581}",2026-01-14 19:03:55.837071+00,
NKE,BA,,,"{""eps"": 1747.0263, ""name"": ""NIKE, Inc. Shs B Cert Deposito Arg Repr 0.083333333 Shs B"", ""sector"": ""Consumer Non-Durables"", ""peRatio"": 4.849094294077622, ""industry"": ""Apparel/Footwear"", ""marketCap"": 142690718001468.4, ""dividendYield"": 1.5666279}",2026-01-13 21:11:23.959886+00,
NUE,BA,,,"{""eps"": 526.3039, ""name"": ""Nucor Corporation ADR Cert Deposito Arg Repr 0.0625 ADRs"", ""sector"": ""Non-Energy Minerals"", ""peRatio"": 30.548534507289798, ""industry"": ""Steel"", ""marketCap"": 55776316770925.11, ""dividendYield"": 1.2953368}",2026-01-13 21:11:24.45051+00,
NVDA,BA,,,"{""eps"": 203.1687, ""name"": ""NVIDIA Corporation Shs Cert Deposito Arg Repr 0.04166667 Sh"", ""sector"": ""Electronic Technology"", ""peRatio"": 58.34192930861592, ""industry"": ""Semiconductors"", ""marketCap"": 6599180703856093.0, ""dividendYield"": 0.012964409}",2026-01-13 21:11:23.485352+00,
OBRI,EGX,El Obour Real Estate Investment,,"{""eps"": 1.176, ""name"": ""El Obour Real Estate Investment"", ""sector"": ""Finance"", ""logoUrl"": ""https://s3-symbol-logo.tradingview.com/el-obour-real-estate-investment.svg"", ""peRatio"": 35.38265306122449, ""industry"": ""Real Estate Development"", ""marketCap"": 1696000061.0, ""dividendYield"": null}",2026-01-14 19:03:53.464882+00,
OCDI,EGX,Six of October Development & Investment (SODIC),,"{""eps"": null, ""name"": ""Six of October Development & Investment (SODIC)"", ""sector"": ""Finance"", ""logoUrl"": ""https://s3-symbol-logo.tradingview.com/six-of-october-development-and-investment-sodic.svg"", ""peRatio"": null, ""industry"": ""Real Estate Development"", ""marketCap"": 23387784738.0, ""dividendYield"": null}",2026-01-14 19:03:55.399269+00,
OCPH,EGX,October Pharma Co.,,"{""eps"": null, ""name"": ""October Pharma Co."", ""sector"": ""Health Technology"", ""logoUrl"": ""https://s3-symbol-logo.tradingview.com/october-pharma.svg"", ""peRatio"": null, ""industry"": ""Pharmaceuticals: Major"", ""marketCap"": 2399280029.0, ""dividendYield"": null}",2026-01-14 19:04:11.422618+00,
ODHN,EGX,ODIN Investments,,"{""eps"": null, ""name"": ""ODIN Investments"", ""sector"": ""Finance"", ""peRatio"": null, ""industry"": ""Investment Managers"", ""marketCap"": 248352007.0, ""dividendYield"": null}",2026-01-14 18:16:07.987457+00,
ODIN,EGX,ODIN Investments,,"{""eps"": null, ""name"": ""ODIN Investments"", ""sector"": ""Finance"", ""logoUrl"": ""https://s3-symbol-logo.tradingview.com/odin-investments.svg"", ""peRatio"": null, ""industry"": ""Investment Managers"", ""marketCap"": 248352007.0, ""dividendYield"": null}",2026-01-14 19:03:54.716448+00,
OEST,BA,,,"{""eps"": 191.178, ""name"": ""Grupo Concesionario del Oeste SA Class B"", ""sector"": ""Industrial Services"", ""peRatio"": 4.799192375691764, ""industry"": ""Engineering & Construction"", ""marketCap"": 147200001404.0, ""dividendYield"": null}",2026-01-13 21:11:27.592286+00,
OFH,EGX,O B Financial Holding,,"{""eps"": null, ""name"": ""O B Financial Holding"", ""sector"": ""Finance"", ""logoUrl"": ""https://s3-symbol-logo.tradingview.com/orascom-financial.svg"", ""peRatio"": null, ""industry"": ""Financial Conglomerates"", ""marketCap"": 2455860508.0, ""dividendYield"": null}",2026-01-14 19:03:51.895767+00,
OIH,EGX,Orascom Investment Holding SAE,,"{""eps"": null, ""name"": ""Orascom Investment Holding SAE"", ""sector"": ""Communications"", ""logoUrl"": ""https://s3-symbol-logo.tradingview.com/orascom-investment.svg"", ""peRatio"": null, ""industry"": ""Wireless Telecommunications"", ""marketCap"": 6137457578.0, ""dividendYield"": null}",2026-01-14 19:03:43.123974+00,
OLFI,EGX,Obour Land for Food Industries,,"{""eps"": null, ""name"": ""Obour Land for Food Industries"", ""sector"": ""Consumer Non-Durables"", ""logoUrl"": ""https://s3-symbol-logo.tradingview.com/obour-land-for-food-industries.svg"", ""peRatio"": null, ""industry"": ""Food: Meat/Fish/Dairy"", ""marketCap"": 9580000305.0, ""dividendYield"": 8.281573}",2026-01-14 19:03:56.779104+00,
ORAS,EGX,Orascom Construction Plc,,"{""eps"": 72.607782, ""name"": ""Orascom Construction Plc"", ""sector"": ""Industrial Services"", ""logoUrl"": ""https://s3-symbol-logo.tradingview.com/orascom-construction-plc.svg"", ""peRatio"": 5.60545975636606, ""industry"": ""Engineering & Construction"", ""marketCap"": 48601161522.52712, ""dividendYield"": 5.6194987}",2026-01-14 19:03:41.82109+00,
ORHD,EGX,,,"{""eps"": 4.7379, ""name"": ""Orascom Development Egypt (S.A.E)"", ""sector"": ""Consumer Durables"", ""peRatio"": 4.875577787627431, ""industry"": ""Homebuilding"", ""marketCap"": 26916573687.0, ""dividendYield"": 1.614221}",2026-01-13 21:18:46.932723+00,
ORWE,EGX,,,"{""eps"": 3.0243, ""name"": ""Oriental Weavers Carpet"", ""sector"": ""Consumer Durables"", ""peRatio"": null, ""industry"": ""Home Furnishings"", ""marketCap"": 15230955514.0, ""dividendYield"": 6.9869}",2026-01-13 21:18:47.840514+00,
OXY,BA,,,"{""eps"": 346.1862, ""name"": ""Occidental Petroleum Corporation Shs Cert Deposito Arg Repr 0.2 Sh"", ""sector"": ""Energy Minerals"", ""peRatio"": 39.82255642874184, ""industry"": ""Integrated Oil"", ""marketCap"": 61803511883994.13, ""dividendYield"": 1.5138129}",2026-01-13 21:11:27.127632+00,
PACH,EGX,,,"{""eps"": 1.08, ""name"": null, ""country"": ""Egypt"", ""peRatio"": 21.25, ""currency"": ""EGP"", ""marketCap"": 1680000000.0}",2026-01-14 17:12:57.671848+00,
PAMP,BA,,,"{""eps"": 274.0777, ""name"": ""Pampa Energia SA"", ""sector"": ""Utilities"", ""peRatio"": 18.31597390083177, ""industry"": ""Electric Utilities"", ""marketCap"": 6913048355713.0, ""dividendYield"": null}",2026-01-13 21:11:26.906276+00,
PATA,BA,,,"{""eps"": 53.2493, ""name"": ""Importadora y Exportadora de la Patagonia SA Class B"", ""sector"": ""Retail Trade"", ""peRatio"": 25.821935687417486, ""industry"": ""Food Retail"", ""marketCap"": 708307639771.0, ""dividendYield"": 1.0966177}",2026-01-13 21:11:27.354732+00,
PBR,BA,,,"{""eps"": 1559.3386977348066, ""name"": ""Petroleo Brasileiro SA Petrobras ADR Cert Deposito Arg Repr 1 ADR"", ""sector"": ""Energy Minerals"", ""peRatio"": 12.075653505243178, ""industry"": ""Integrated Oil"", ""marketCap"": 108751726864916.28, ""dividendYield"": 0.0}",2026-01-13 21:11:31.782002+00,
PBRD,BA,Petroleo Brasileiro SA Petrobras ADR Cert Deposito Arg Repr 1 ADR,,"{""eps"": 1559.3386981714214, ""name"": ""Petroleo Brasileiro SA Petrobras ADR Cert Deposito Arg Repr 1 ADR"", ""sector"": ""Energy Minerals"", ""logoUrl"": ""https://s3-symbol-logo.tradingview.com/brasileiro-petrobras.svg"", ""peRatio"": 11.55931951800667, ""industry"": ""Integrated Oil"", ""marketCap"": 112513485280252.23, ""dividendYield"": 0.0}",2026-01-20 09:17:58.374685+00,
PCAR,BA,PACCAR Inc Shs Cert.Deposito Arg.Repr. 0.3333 Shs,,"{""eps"": 1915.8234, ""name"": ""PACCAR Inc Shs Cert.Deposito Arg.Repr. 0.3333 Shs"", ""sector"": ""Producer Manufacturing"", ""logoUrl"": ""https://s3-symbol-logo.tradingview.com/paccar.svg"", ""peRatio"": 31.71466195752306, ""industry"": ""Trucks/Construction/Farm Machinery"", ""marketCap"": 91185693440629.48, ""dividendYield"": 1.0406836}",2026-01-20 09:17:58.125676+00,
PETR3,BA,Petroleo Brasileiro SA CEDEAR,,"{""eps"": 1305.9844, ""name"": ""Petroleo Brasileiro SA CEDEAR"", ""sector"": ""Energy Minerals"", ""logoUrl"": ""https://s3-symbol-logo.tradingview.com/brasileiro-petrobras.svg"", ""peRatio"": 7.362262520134237, ""industry"": ""Integrated Oil"", ""marketCap"": 112513485295554.08, ""dividendYield"": 0.0}",2026-01-20 09:17:57.909201+00,
PFE,BA,,,"{""eps"": 508.819, ""name"": ""Pfizer Inc Shs Cert Deposito Arg Repr 0.25 Shs"", ""sector"": ""Health Technology"", ""peRatio"": 18.9127845090172, ""industry"": ""Pharmaceuticals: Major"", ""marketCap"": 210980663173274.56, ""dividendYield"": 6.5245495}",2026-01-13 21:11:32.014388+00,
PG,BA,,,"{""eps"": 532.8813, ""name"": ""Procter & Gamble Company Cert Deposito Arg Repr 0.06666667 Sh"", ""sector"": ""Consumer Non-Durables"", ""peRatio"": 28.244856177153892, ""industry"": ""Household/Personal Care"", ""marketCap"": 492258133668135.2, ""dividendYield"": 1.8326118}",2026-01-13 21:11:32.349868+00,
PHAR,EGX,,,"{""eps"": null, ""name"": ""Egyptian International Pharmaceutical Industries Co."", ""sector"": ""Health Technology"", ""peRatio"": null, ""industry"": ""Pharmaceuticals: Other"", ""marketCap"": 13331704453.0, ""dividendYield"": 3.7974682}",2026-01-13 21:18:47.622002+00,
PHDC,EGX,,,"{""eps"": 1.552, ""name"": ""Palm Hills Development Co."", ""sector"": ""Finance"", ""peRatio"": 5.412371134020619, ""industry"": ""Real Estate Development"", ""marketCap"": 24881253922.0, ""dividendYield"": null}",2026-01-13 21:18:50.581116+00,
PHTV,EGX,,,"{""eps"": null, ""name"": ""Pyramisa Hotels"", ""sector"": ""Consumer Services"", ""peRatio"": null, ""industry"": ""Hotels/Resorts/Cruise lines"", ""marketCap"": 4581395457.0, ""dividendYield"": null}",2026-01-13 21:18:51.302166+00,
PLTR,BA,,,"{""eps"": 185.1684, ""name"": ""Palantir Technologies Inc. Shs Cert Deposito Arg Repr 0.3333333333 Sh"", ""sector"": ""Technology Services"", ""peRatio"": 533.4703232434996, ""industry"": ""Packaged Software"", ""marketCap"": 627918674750367.0, ""dividendYield"": null}",2026-01-13 21:11:31.562907+00,
POLL,BA,,,"{""eps"": -21.0321, ""name"": ""Polledo S.A.I.C. y F."", ""sector"": ""Industrial Services"", ""peRatio"": null, ""industry"": ""Engineering & Construction"", ""marketCap"": 1990322123.0, ""dividendYield"": null}",2026-01-13 21:11:36.672611+00,
POUL,EGX,,,"{""eps"": 1.1005, ""name"": ""Cairo Poultry Co."", ""sector"": ""Process Industries"", ""peRatio"": 22.744207178555204, ""industry"": ""Agricultural Commodities/Milling"", ""marketCap"": 12315130361.0, ""dividendYield"": null}",2026-01-13 21:18:51.075404+00,
PRCL,EGX,,,"{""eps"": null, ""name"": ""General Co. for Ceramic & Porcelain Products"", ""sector"": ""Non-Energy Minerals"", ""peRatio"": null, ""industry"": ""Construction Materials"", ""marketCap"": 803336066.0, ""dividendYield"": null}",2026-01-13 21:18:50.819152+00,
PRDC,EGX,,,"{""eps"": null, ""name"": ""Pioneers Properties for Urban Development"", ""sector"": ""Finance"", ""peRatio"": null, ""industry"": ""Real Estate Development"", ""marketCap"": 4122578045.9999995, ""dividendYield"": null}",2026-01-13 21:18:54.482153+00,
PRMH,EGX,,,"{""eps"": null, ""name"": ""Prime Holding"", ""sector"": ""Finance"", ""peRatio"": null, ""industry"": ""Investment Banks/Brokers"", ""marketCap"": 595000017.0, ""dividendYield"": null}",2026-01-13 21:18:53.769334+00,
QCOMD,BA,,,"{""eps"": 410.096200114827, ""name"": ""QUALCOMM Incorporated Shs Cert.Deposito Arg.Repr. 0.0909 Shs"", ""sector"": ""Electronic Technology"", ""peRatio"": 53.42964090953507, ""industry"": ""Semiconductors"", ""marketCap"": 266208773202350.84, ""dividendYield"": 1.2836171}",2026-01-13 21:11:37.397433+00,
QNBE,EGX,,,"{""eps"": 12.8447, ""name"": ""Qatar National Bank"", ""sector"": ""Finance"", ""peRatio"": null, ""industry"": ""Regional Banks"", ""marketCap"": 100414748421.0, ""dividendYield"": 3.2188845}",2026-01-13 21:18:54.004577+00,
QQQ,BA,,,"{""eps"": null, ""name"": ""Invesco QQQ Trust Series I Shs Cert Deposito Arg Repr 0.05 Sh"", ""sector"": ""Miscellaneous"", ""peRatio"": null, ""industry"": ""Investment Trusts/Mutual Funds"", ""marketCap"": null, ""dividendYield"": 0.33880562}",2026-01-13 21:11:36.273847+00,
RACC,EGX,,,"{""eps"": null, ""name"": ""Raya Contact Center"", ""sector"": ""Commercial Services"", ""peRatio"": null, ""industry"": ""Miscellaneous Commercial Services"", ""marketCap"": 1661496264.0, ""dividendYield"": null}",2026-01-13 21:18:54.26414+00,
RAKT,EGX,,,"{""eps"": null, ""name"": ""Rakta Paper Manufacturing"", ""sector"": ""Process Industries"", ""peRatio"": null, ""industry"": ""Pulp & Paper"", ""marketCap"": 713999977.0, ""dividendYield"": null}",2026-01-13 21:18:54.730974+00,
RAYA,EGX,,,"{""eps"": null, ""name"": ""Raya Holding for Financial Investments SAE"", ""sector"": ""Technology Services"", ""peRatio"": null, ""industry"": ""Information Technology Services"", ""marketCap"": 16268931632.0, ""dividendYield"": 1.0526315}",2026-01-13 21:18:56.453922+00,
REGE,BA,,,"{""eps"": -183.5924, ""name"": ""Garcia Reguera SA"", ""sector"": ""Retail Trade"", ""peRatio"": null, ""industry"": ""Specialty Stores"", ""marketCap"": 17000000000.0, ""dividendYield"": 3.529412}",2026-01-13 21:11:37.078607+00,
RICH,BA,,,"{""eps"": -6.0052, ""name"": ""Laboratorios Richmond SACIF Class B"", ""sector"": ""Health Technology"", ""peRatio"": null, ""industry"": ""Pharmaceuticals: Major"", ""marketCap"": 155850369618.0, ""dividendYield"": 1.3932477}",2026-01-13 21:11:41.645873+00,
RIGO,BA,,,"{""eps"": 4.1778, ""name"": ""Rigolleau SA Class B"", ""sector"": ""Process Industries"", ""peRatio"": 149.3609076547465, ""industry"": ""Industrial Specialties"", ""marketCap"": 90806803864.0, ""dividendYield"": null}",2026-01-13 21:11:41.915072+00,
RIO,BA,,,"{""eps"": 813.4462, ""name"": ""Rio Tinto PLC ADR Cert Deposito Arg Repr 0.125 ADRs"", ""sector"": ""Non-Energy Minerals"", ""peRatio"": 19.818239493762892, ""industry"": ""Other Metals/Minerals"", ""marketCap"": 204167169037652.0, ""dividendYield"": 3.1482291}",2026-01-13 21:11:40.777523+00,
RMDA,EGX,,,"{""eps"": null, ""name"": ""Tenth of Ramadan Pharmaceutical Industries & Diagnostic-Rameda"", ""sector"": ""Health Technology"", ""peRatio"": null, ""industry"": ""Pharmaceuticals: Major"", ""marketCap"": 6440000057.0, ""dividendYield"": 2.4844718}",2026-01-13 21:18:56.704784+00,
RMTV,EGX,,,"{""eps"": 22.74, ""name"": null, ""country"": ""Egypt"", ""peRatio"": -18.46, ""currency"": ""EGP"", ""marketCap"": 721125000.0}",2026-01-14 17:13:02.961369+00,
ROSE,BA,,,"{""eps"": -77.2626, ""name"": ""Instituto Rosenbusch SA Class B"", ""sector"": ""Health Technology"", ""peRatio"": null, ""industry"": ""Pharmaceuticals: Major"", ""marketCap"": 9772893093.0, ""dividendYield"": null}",2026-01-13 21:11:41.346801+00,
ROTO,EGX,,,"{""eps"": null, ""name"": ""Rowad Tourism (Al Rowad) Co"", ""sector"": ""Finance"", ""peRatio"": null, ""industry"": ""Real Estate Development"", ""marketCap"": 591197997.0, ""dividendYield"": null}",2026-01-13 21:18:56.992562+00,
RREI,EGX,,,"{""eps"": null, ""name"": ""Arab Real Estate Investment Co."", ""sector"": ""Consumer Durables"", ""peRatio"": null, ""industry"": ""Homebuilding"", ""marketCap"": 783551997.0, ""dividendYield"": null}",2026-01-13 21:18:59.457272+00,
RTVC,EGX,,,"{""eps"": null, ""name"": ""Remco for Touristic Villages Construction"", ""sector"": ""Industrial Services"", ""peRatio"": null, ""industry"": ""Engineering & Construction"", ""marketCap"": 910683917.0, ""dividendYield"": null}",2026-01-13 21:18:59.960319+00,
RUBX,EGX,,,"{""eps"": null, ""name"": ""Rubex International for Plastic & Acrylic Manufacturing"", ""sector"": ""Consumer Durables"", ""peRatio"": null, ""industry"": ""Home Furnishings"", ""marketCap"": 602895493.0, ""dividendYield"": null}",2026-01-13 21:19:00.241388+00,
SAIB,EGX,,,"{""eps"": 33.7196353281, ""name"": ""Societe Arabe Internationale de Banque"", ""sector"": ""Finance"", ""peRatio"": 3.1667417079393663, ""industry"": ""Regional Banks"", ""marketCap"": 3356380230.41286, ""dividendYield"": 24.570324}",2026-01-13 21:19:00.467469+00,
SAMI,BA,,,"{""eps"": -164.5072, ""name"": ""S.A. San Miguel A.G.I.C.I. y F. Class B"", ""sector"": ""Process Industries"", ""peRatio"": null, ""industry"": ""Agricultural Commodities/Milling"", ""marketCap"": 107224525961.0, ""dividendYield"": null}",2026-01-13 21:11:41.070812+00,
SAUD,EGX,,,"{""eps"": 4.4428, ""name"": ""Al Baraka Bank Egypt"", ""sector"": ""Finance"", ""peRatio"": 3.567570000900333, ""industry"": ""Regional Banks"", ""marketCap"": 11379726624.0, ""dividendYield"": 5.43131}",2026-01-13 21:18:59.707748+00,
SCEM,EGX,,,"{""eps"": null, ""name"": ""Sinai Cement Co."", ""sector"": ""Non-Energy Minerals"", ""peRatio"": null, ""industry"": ""Construction Materials"", ""marketCap"": 15779154404.0, ""dividendYield"": null}",2026-01-13 21:19:02.477922+00,
SCFM,EGX,,,"{""eps"": null, ""name"": ""South Cairo & Giza Mills & Bakeries"", ""sector"": ""Process Industries"", ""peRatio"": null, ""industry"": ""Agricultural Commodities/Milling"", ""marketCap"": 1554000000.0, ""dividendYield"": null}",2026-01-13 21:19:02.958932+00,
SCTS,EGX,,,"{""eps"": null, ""name"": ""Sues Canal Co. for Technology Settling"", ""sector"": ""Commercial Services"", ""peRatio"": null, ""industry"": ""Miscellaneous Commercial Services"", ""marketCap"": 26229194331.0, ""dividendYield"": 0.35002598}",2026-01-13 21:19:03.188603+00,
SDTI,EGX,,,"{""eps"": null, ""name"": ""Sharm Dreams Co. for Tourism Investment"", ""sector"": ""Consumer Services"", ""peRatio"": null, ""industry"": ""Hotels/Resorts/Cruise lines"", ""marketCap"": 1367554751.0, ""dividendYield"": null}",2026-01-13 21:19:02.719485+00,
SEIG,EGX,,,"{""eps"": null, ""name"": ""Saudi Egyptian Investment & Finance Co. SAE"", ""sector"": ""Finance"", ""peRatio"": null, ""industry"": ""Investment Managers"", ""marketCap"": 407799988.0, ""dividendYield"": 1.1568049}",2026-01-13 21:19:06.107916+00,
SEIGA,EGX,,,"{""eps"": null, ""name"": ""Saudi Egyptian Investment & Finance Co. SAE"", ""sector"": ""Finance"", ""peRatio"": null, ""industry"": ""Investment Managers"", ""marketCap"": 407799985.6347601, ""dividendYield"": 1.1568049}",2026-01-13 21:19:06.392766+00,
SEMI,BA,,,"{""eps"": -0.1173, ""name"": ""Molinos Juan Semino SA"", ""sector"": ""Process Industries"", ""peRatio"": null, ""industry"": ""Agricultural Commodities/Milling"", ""marketCap"": 81000000000.0, ""dividendYield"": 0.3648}",2026-01-13 21:11:44.668126+00,
SID,BA,,,"{""eps"": -304.056578121547, ""name"": ""Companhia Siderurgica Nacional ADR Cert Deposito Arg Repr 8 Sp ADRs"", ""sector"": ""Non-Energy Minerals"", ""peRatio"": null, ""industry"": ""Steel"", ""marketCap"": 3565196076198.5317, ""dividendYield"": 0.0}",2026-01-13 21:11:44.908366+00,
SIMO,EGX,,,"{""name"": null, ""country"": ""Egypt"", ""peRatio"": -0.33, ""currency"": ""EGP"", ""marketCap"": 45550000.0}",2026-01-14 17:13:02.881428+00,
SIPC,EGX,,,"{""eps"": 0.0452, ""name"": ""Sabaa International Company for Pharmaceutial and Chemical Industry"", ""sector"": ""Health Technology"", ""peRatio"": 78.09734513274336, ""industry"": ""Pharmaceuticals: Major"", ""marketCap"": 930000007.0, ""dividendYield"": null}",2026-01-13 21:19:05.886335+00,
SKPC,EGX,,,"{""eps"": null, ""name"": ""Sidi Kerir Petrochemicals"", ""sector"": ""Process Industries"", ""peRatio"": null, ""industry"": ""Chemicals: Specialty"", ""marketCap"": 17327519697.0, ""dividendYield"": 5.2356024}",2026-01-13 21:19:05.650347+00,
SMCSA,EGX,,,"{""eps"": 0.0, ""name"": null, ""country"": ""Egypt"", ""currency"": ""EGP"", ""marketCap"": null}",2026-01-14 17:13:08.23192+00,
SMFR,EGX,,,"{""eps"": 9.0096, ""name"": ""Samad Misr-EGYFERT"", ""sector"": ""Distribution Services"", ""peRatio"": 20.817794352690463, ""industry"": ""Wholesale Distributors"", ""marketCap"": 1824768090.0, ""dividendYield"": null}",2026-01-13 21:19:09.066484+00,
SMPP,EGX,,,"{""eps"": 15.39, ""name"": null, ""country"": ""Egypt"", ""peRatio"": 6.87, ""currency"": ""EGP"", ""marketCap"": 1369316520.0}",2026-01-14 17:13:08.296829+00,
SNFC,EGX,,,"{""eps"": null, ""name"": ""Sharkia National Food"", ""sector"": ""Process Industries"", ""peRatio"": null, ""industry"": ""Agricultural Commodities/Milling"", ""marketCap"": 1580257532.0, ""dividendYield"": null}",2026-01-13 21:19:08.807105+00,
SNOW,BA,,,"{""eps"": -155.8718, ""name"": ""Snowflake, Inc. Shs A Cert Deposito Arg Repr 0.033333"", ""sector"": ""Technology Services"", ""peRatio"": null, ""industry"": ""Packaged Software"", ""marketCap"": 110689894671071.95, ""dividendYield"": null}",2026-01-13 21:11:44.414032+00,
SPHT,EGX,,,"{""eps"": null, ""name"": ""El Shams Pyramids Co. for Hotels & Touristic Projects SAE"", ""sector"": ""Consumer Services"", ""peRatio"": null, ""industry"": ""Hotels/Resorts/Cruise lines"", ""marketCap"": 7722422684.666941, ""dividendYield"": null}",2026-01-13 21:19:11.336506+00,
SPIN,EGX,,,"{""eps"": null, ""name"": ""Alexandria Spinning & Weaving"", ""sector"": ""Process Industries"", ""peRatio"": null, ""industry"": ""Textiles"", ""marketCap"": 4382759001.0, ""dividendYield"": null}",2026-01-13 21:19:10.853299+00,
SPMD,EGX,,,"{""eps"": null, ""name"": ""Speed Medical SAE"", ""sector"": ""Health Services"", ""peRatio"": null, ""industry"": ""Medical/Nursing Services"", ""marketCap"": 610584087.0, ""dividendYield"": null}",2026-01-13 21:19:11.10002+00,
SPY,BA,,,"{""eps"": null, ""name"": ""SPDR S&P 500 ETF Trust Cert Deposito Arg Repr 0.05 Sh"", ""sector"": ""Miscellaneous"", ""peRatio"": null, ""industry"": ""Investment Trusts/Mutual Funds"", ""marketCap"": null, ""dividendYield"": 0.67933553}",2026-01-13 21:11:44.163965+00,
SUCE,EGX,,,"{""eps"": 8.91, ""name"": null, ""country"": ""Egypt"", ""peRatio"": 0.82, ""currency"": ""EGP"", ""marketCap"": 22109704112.0}",2026-01-14 17:13:08.012297+00,
SUGR,EGX,,,"{""eps"": 4.378, ""name"": ""Delta Sugar"", ""sector"": ""Process Industries"", ""peRatio"": 10.440840566468706, ""industry"": ""Agricultural Commodities/Milling"", ""marketCap"": 6535423367.0, ""dividendYield"": 10.879025}",2026-01-13 21:19:13.727947+00,
SUPV,BA,,,"{""eps"": 15.1791, ""name"": ""Grupo Supervielle SA Class B"", ""sector"": ""Finance"", ""peRatio"": 227.6156030331179, ""industry"": ""Major Banks"", ""marketCap"": 1641916060439.0, ""dividendYield"": 1.7244972}",2026-01-13 21:11:49.898024+00,
SVCE,EGX,,,"{""eps"": null, ""name"": ""South Valley Cement Co."", ""sector"": ""Non-Energy Minerals"", ""peRatio"": null, ""industry"": ""Construction Materials"", ""marketCap"": 4436762799.0, ""dividendYield"": null}",2026-01-13 21:19:13.018758+00,
SWDY,EGX,,,"{""eps"": null, ""name"": ""El Sewedy Electric Company"", ""sector"": ""Producer Manufacturing"", ""peRatio"": null, ""industry"": ""Electrical Products"", ""marketCap"": 172653755110.0, ""dividendYield"": 1.2399256}",2026-01-13 21:19:13.257149+00,
T,BA,,,"{""eps"": 1213.106, ""name"": ""AT&T Inc Shs Cert Deposito Arg Repr 0.3333 Shs"", ""sector"": ""Communications"", ""peRatio"": 9.83299431106376, ""industry"": ""Wireless Telecommunications"", ""marketCap"": 247141753923641.72, ""dividendYield"": 2.8827186}",2026-01-13 21:11:50.573019+00,
TALM,EGX,,,"{""eps"": 0.7938, ""name"": ""Taaleem Management Services S.A.E"", ""sector"": ""Consumer Services"", ""peRatio"": 19.40035273368607, ""industry"": ""Other Consumer Services"", ""marketCap"": 11370235602.0, ""dividendYield"": null}",2026-01-13 21:19:13.962315+00,
TANM,EGX,,,"{""eps"": 0.2708, ""name"": ""Tanmiya for Real Estate Investment"", ""sector"": ""Finance"", ""peRatio"": 17.466765140324966, ""industry"": ""Real Estate Development"", ""marketCap"": 708584983.0, ""dividendYield"": null}",2026-01-13 21:19:13.50444+00,
TAQA,EGX,,,"{""eps"": null, ""name"": ""TAQA Arabia"", ""sector"": ""Utilities"", ""peRatio"": null, ""industry"": ""Electric Utilities"", ""marketCap"": 17715834769.0, ""dividendYield"": null}",2026-01-13 21:19:15.723735+00,
TECO2,BA,,,"{""eps"": -100.1747, ""name"": ""Telecom Argentina SA Class B"", ""sector"": ""Communications"", ""peRatio"": null, ""industry"": ""Major Telecommunications"", ""marketCap"": 7731356656620.0, ""dividendYield"": 0.0}",2026-01-13 21:11:50.343967+00,
TEFO,BA,Telefonica SA ADR,,"{""eps"": -598.713723756906, ""name"": ""Telefonica SA ADR"", ""sector"": ""Communications"", ""logoUrl"": ""https://s3-symbol-logo.tradingview.com/telefonica.svg"", ""peRatio"": null, ""industry"": ""Specialty Telecommunications"", ""marketCap"": 31249501342128.758, ""dividendYield"": 7.2994895}",2026-01-20 09:17:59.812118+00,
TGNO4,BA,,,"{""eps"": 410.3809, ""name"": ""Transportadora de Gas del Norte SA Class C"", ""sector"": ""Industrial Services"", ""peRatio"": 10.624276129810134, ""industry"": ""Oil & Gas Pipelines"", ""marketCap"": 377861450195.0, ""dividendYield"": 3.776819}",2026-01-13 21:11:50.113072+00,
TGSU2,BA,,,"{""eps"": 541.1165, ""name"": ""Transportadora de Gas del Sur SA Class B"", ""sector"": ""Utilities"", ""peRatio"": 16.576836965792026, ""industry"": ""Gas Distributors"", ""marketCap"": 6756030652122.0, ""dividendYield"": 2.9603179}",2026-01-13 21:11:49.666878+00,
TMGH,EGX,,,"{""eps"": 6.7407, ""name"": ""Talaat Moustafa Group Holding"", ""sector"": ""Finance"", ""peRatio"": 11.64270773065112, ""industry"": ""Real Estate Development"", ""marketCap"": 160318872597.0, ""dividendYield"": 0.32133675}",2026-01-13 21:19:15.490376+00,
TORA,EGX,,,"{""eps"": -3.17, ""name"": null, ""country"": ""Egypt"", ""peRatio"": -2.17, ""currency"": ""EGP"", ""marketCap"": 4777816560.0}",2026-01-14 17:13:13.178129+00,
TRAN,BA,,,"{""eps"": 328.6299, ""name"": ""Cia de Transporte de Energia Electrica Class B"", ""sector"": ""Utilities"", ""peRatio"": 11.380583446606654, ""industry"": ""Electric Utilities"", ""marketCap"": 1687537013008.0, ""dividendYield"": 7.952416}",2026-01-13 21:11:52.675469+00,
TRTO,EGX,,,"{""eps"": 0.10731707360000001, ""name"": ""TransOceans Tours"", ""sector"": ""Commercial Services"", ""peRatio"": 15.0, ""industry"": ""Miscellaneous Commercial Services"", ""marketCap"": 158577606.0, ""dividendYield"": null}",2026-01-13 21:19:15.952436+00,
TSLA,BA,,,"{""eps"": 122.5524, ""name"": ""Tesla, Inc. Shs Cert Deposito Arg Repr 1/15 Sh"", ""sector"": ""Consumer Durables"", ""peRatio"": 405.92888126000327, ""industry"": ""Motor Vehicles"", ""marketCap"": 2192598855571219.0, ""dividendYield"": null}",2026-01-13 21:11:52.900681+00,
TV,BA,,,"{""eps"": -87.9261, ""name"": ""Grupo Televisa, S.A.B. ADR"", ""sector"": ""Communications"", ""peRatio"": null, ""industry"": ""Major Telecommunications"", ""marketCap"": 2076541622613.8032, ""dividendYield"": 2.3333573}",2026-01-13 21:11:53.582675+00,
TXAR,BA,,,"{""eps"": 3.6419, ""name"": ""Ternium Argentina SA Class A"", ""sector"": ""Non-Energy Minerals"", ""peRatio"": 210.0551909717455, ""industry"": ""Steel"", ""marketCap"": 3561728806885.0, ""dividendYield"": null}",2026-01-13 21:11:53.131304+00,
TXR,BA,,,"{""eps"": 4039.3646408839777, ""name"": ""Ternium S.A. ADR Cert Deposito Arg Repr 0.25 ADRs"", ""sector"": ""Non-Energy Minerals"", ""peRatio"": 3.928835698409985, ""industry"": ""Steel"", ""marketCap"": 11666038108663.73, ""dividendYield"": 6.698509}",2026-01-13 21:11:53.363607+00,
UASG,EGX,,,"{""eps"": -0.23, ""name"": null, ""country"": ""Egypt"", ""peRatio"": -6.64, ""currency"": ""EGP"", ""marketCap"": 90000000.0}",2026-01-14 17:13:13.518377+00,
UBEE,EGX,,,"{""eps"": null, ""name"": ""United Bank SAE"", ""sector"": ""Finance"", ""peRatio"": null, ""industry"": ""Major Banks"", ""marketCap"": 16268999958.0, ""dividendYield"": 5.070994}",2026-01-13 21:19:18.044934+00,
UEFM,EGX,,,"{""eps"": null, ""name"": ""Upper Egypt Flour Mills Co."", ""sector"": ""Process Industries"", ""peRatio"": null, ""industry"": ""Agricultural Commodities/Milling"", ""marketCap"": 3251009949.0, ""dividendYield"": 4.306354}",2026-01-13 21:19:18.405702+00,
UEGC,EGX,,,"{""eps"": null, ""name"": ""El-Saeed Contracting & Real Estate Investment Co. SCCD"", ""sector"": ""Industrial Services"", ""peRatio"": null, ""industry"": ""Engineering & Construction"", ""marketCap"": 1109699903.0, ""dividendYield"": null}",2026-01-13 21:19:17.822104+00,
UNIP,EGX,,,"{""eps"": null, ""name"": ""Universal Co. for Paper & Packaging Materials-Unipack"", ""sector"": ""Process Industries"", ""peRatio"": null, ""industry"": ""Pulp & Paper"", ""marketCap"": 712638557.0, ""dividendYield"": null}",2026-01-13 21:19:22.416782+00,
UNIT,EGX,,,"{""eps"": null, ""name"": ""United Housing Construction SA"", ""sector"": ""Finance"", ""peRatio"": null, ""industry"": ""Real Estate Development"", ""marketCap"": 2798764415.0, ""dividendYield"": null}",2026-01-13 21:19:22.664365+00,
UPST,BA,,,"{""eps"": 447.9454, ""name"": ""Upstart Holdings, Inc. Shs Cert Deposito Arg Repr 0.2 Sh"", ""sector"": ""Finance"", ""peRatio"": 46.79286776148657, ""industry"": ""Finance/Rental/Leasing"", ""marketCap"": 6464336842878.12, ""dividendYield"": null}",2026-01-13 21:11:56.518148+00,
URA,BA,Global X Uranium ETF,,"{""eps"": null, ""name"": ""Global X Uranium ETF"", ""sector"": null, ""logoUrl"": ""https://s3-symbol-logo.tradingview.com/global-x.svg"", ""peRatio"": null, ""industry"": null, ""marketCap"": null, ""dividendYield"": 0.0}",2026-01-20 09:17:59.599702+00,
VALE,BA,,,"{""eps"": 1833.2125973480665, ""name"": ""Vale S.A. Deposito Arg Repr 0.5 ADR"", ""sector"": ""Non-Energy Minerals"", ""peRatio"": 5.9114885576254075, ""industry"": ""Steel"", ""marketCap"": 86953605432274.89, ""dividendYield"": 4.780852}",2026-01-13 21:11:56.276284+00,
VALO,BA,,,"{""eps"": 44.0383, ""name"": ""Banco De Valores"", ""sector"": ""Finance"", ""peRatio"": 13.000047685764438, ""industry"": ""Major Banks"", ""marketCap"": 472602584839.0, ""dividendYield"": 0.0}",2026-01-13 21:11:55.993762+00,
VALU,EGX,U Consumer Finance S.A.E,,"{""eps"": null, ""name"": ""U Consumer Finance S.A.E"", ""sector"": ""Finance"", ""logoUrl"": ""https://s3-symbol-logo.tradingview.com/u-consumer-finance.svg"", ""peRatio"": null, ""industry"": ""Finance/Rental/Leasing"", ""marketCap"": 18936143961.0, ""dividendYield"": null}",2026-01-20 09:17:14.115782+00,
VIST,BA,,,"{""eps"": 10347.16304558011, ""name"": ""Vista Energy SAB de CV Shs Cert Deposito Arg Repr 0.33333333 ADS -A"", ""sector"": ""Energy Minerals"", ""peRatio"": 2.5516370972995563, ""industry"": ""Oil & Gas Production"", ""marketCap"": 6702052341692.1, ""dividendYield"": null}",2026-01-13 21:11:55.757051+00,
VISTD,BA,,,"{""eps"": 10347.163048477316, ""name"": ""Vista Energy SAB de CV Shs Cert Deposito Arg Repr 0.33333333 ADS -A"", ""sector"": ""Energy Minerals"", ""peRatio"": 2.3616562143907838, ""industry"": ""Oil & Gas Production"", ""marketCap"": 6702052340760.515, ""dividendYield"": null}",2026-01-13 21:11:56.742324+00,
VLMRA,EGX,Valmore Holding,,"{""eps"": 5.11219512195122, ""name"": ""Valmore Holding"", ""sector"": ""Finance"", ""logoUrl"": ""https://s3-symbol-logo.tradingview.com/egyptian-kuwaiti.svg"", ""peRatio"": 4.49513358778626, ""industry"": ""Financial Conglomerates"", ""marketCap"": 26961309773.712086, ""dividendYield"": 4.91876}",2026-01-20 09:17:14.327631+00,
VZ,BA,,,"{""eps"": 1331.0764, ""name"": ""Verizon Communications Inc Shs Cert Deposito Arg Repr 0.25 Sh"", ""sector"": ""Communications"", ""peRatio"": 11.20594381309689, ""industry"": ""Wireless Telecommunications"", ""marketCap"": 246670167863436.12, ""dividendYield"": 6.657167}",2026-01-13 21:12:00.027572+00,
WATP,EGX,,,"{""eps"": 0.31, ""name"": null, ""country"": ""Egypt"", ""peRatio"": 1.53, ""currency"": ""EGP"", ""marketCap"": 3451000000.0}",2026-01-14 17:13:16.312906+00,
WCDF,EGX,,,"{""eps"": null, ""name"": ""Middle & West Delta Flour Mills Co."", ""sector"": ""Process Industries"", ""peRatio"": null, ""industry"": ""Agricultural Commodities/Milling"", ""marketCap"": 3589500046.0, ""dividendYield"": 7.5219383}",2026-01-13 21:19:22.877139+00,
WFC,BA,,,"{""eps"": 1404.3141, ""name"": ""Wells Fargo & Company Shs Cert Deposito Arg Repr 0.2 Shs"", ""sector"": ""Finance"", ""peRatio"": 20.57854999816134, ""industry"": ""Major Banks"", ""marketCap"": 437720203597650.44, ""dividendYield"": 1.1486187}",2026-01-13 21:12:00.231133+00,
WKOL,EGX,,,"{""eps"": 17.9812, ""name"": ""Wadi Kom Ombo Land Reclamation"", ""sector"": ""Industrial Services"", ""peRatio"": 16.219162236113274, ""industry"": ""Engineering & Construction"", ""marketCap"": 1696799971.0, ""dividendYield"": 4.9738646}",2026-01-13 21:19:25.620845+00,
WMT,BA,,,"{""eps"": 188.9676, ""name"": ""Walmart Inc Shs Cert Deposito Arg Repr 0.0555555 Sh"", ""sector"": ""Retail Trade"", ""peRatio"": 54.03571250022604, ""industry"": ""Specialty Stores"", ""marketCap"": 1380676372684287.8, ""dividendYield"": 0.48825172}",2026-01-13 21:11:59.820936+00,
XOM,BA,Exxon Mobil Corp Shs Cert Deposito Arg Repr 0.1 Shs,,"{""eps"": 783.343, ""name"": ""Exxon Mobil Corp Shs Cert Deposito Arg Repr 0.1 Shs"", ""sector"": ""Energy Minerals"", ""logoUrl"": ""https://s3-symbol-logo.tradingview.com/exxon.svg"", ""peRatio"": 24.89220101988879, ""industry"": ""Integrated Oil"", ""marketCap"": 783644674925608.1, ""dividendYield"": 1.973631}",2026-01-20 09:18:01.599694+00,
YPFD,BA,,,"{""eps"": -1352.339, ""name"": ""YPF SA Shs -D- 1 Vote"", ""sector"": ""Energy Minerals"", ""peRatio"": null, ""industry"": ""Integrated Oil"", ""marketCap"": 20353935630696.0, ""dividendYield"": null}",2026-01-13 21:12:05.339339+00,
ZEOT,EGX,,,"{""eps"": null, ""name"": ""Extracted Oils & Derivatives Co."", ""sector"": ""Process Industries"", ""peRatio"": null, ""industry"": ""Agricultural Commodities/Milling"", ""marketCap"": 1739999962.0, ""dividendYield"": 0.5747127}",2026-01-13 21:19:25.404406+00,
ZMID,EGX,,,"{""eps"": null, ""name"": ""Zahraa Maadi Investment & Development"", ""sector"": ""Finance"", ""peRatio"": null, ""industry"": ""Real Estate Development"", ""marketCap"": 5460000038.0, ""dividendYield"": 3.663004}",2026-01-13 21:19:25.177394+00,